<?xml version="1.0" encoding="UTF-8"?>
<ivysettings>
	<settings defaultResolver="default" />
	<resolvers>
        <!--  <ibiblio name="central" m2compatible="true"/>  -->

		<chain name="default">
			<!-- Public Maven repository -->
			<ibiblio name="public" m2compatible="true" />

            <!-- Vaadin Add-on repository -->
            <ibiblio name="vaadin-addons" usepoms="true" m2compatible="true"
                root="http://maven.vaadin.com/vaadin-addons" />

            <!-- Vaadin pre-releases repository -->
            <ibiblio name="vaadin-prereleases" usepoms="true" m2compatible="true"
                root="http://maven.vaadin.com/vaadin-prereleases" />

            <filesystem name="local-maven2" m2compatible="true" force="false" local="true">
                <artifact pattern="${user.home}/.m2/repository/[orgPath]/[module]/[revision]/[module]-[revision](-[classifier]).[ext]"/>
                <ivy pattern="${user.home}/.m2/repository/[orgPath]/[module]/[revision]/[module]-[revision](-[classifier]).pom"/>
            </filesystem>

			<!-- Vaadin snapshots repository -->
			<ibiblio name="vaadin-snapshots" usepoms="true" m2compatible="true"
                checkmodified="true" changingPattern="*" changingMatcher="glob"
				root="https://oss.sonatype.org/content/repositories/vaadin-snapshots" />

			<!-- Repository used for Vaadin modified smartsprites library -->
			<dual name="custom-smartsprites">
				<filesystem name="smartsprites-ivy">
					<ivy pattern="${basedir}/ivymodule/[module]-ivy-[revision].xml" />
				</filesystem>
				<url name="smartsprites-artifact">
					<artifact
						pattern="http://dev.vaadin.com/svn/versions/6.8/build/smartsprites/lib/[artifact](-[revision]).[ext]" />
				</url>
			</dual>

            <filesystem name="local-vaadin"> 
                <ivy pattern="${user.home}/itmill/vaadin/result/artifacts/[revision]/[module]/ivy-[revision].xml"/>
                <artifact pattern="${user.home}/itmill/vaadin/result/artifacts/[revision]/[module]/[module]-[revision](-[classifier]).[ext]"/>
            </filesystem>
        </chain>
	</resolvers>
	<modules>
		<!-- Vaadin patched SmartSprites -->
		<module organisation="com.carrotsearch" name="smartsprites"
			revision="0.2.3-itmill" resolver="custom-smartsprites" />
	</modules>
</ivysettings>
